,InvoiceYearMonth,TotalUserCount,RetainedUserCount,RetentionRate
0,201102,714,263,0.36834733893557425
1,201103,923,305,0.3304442036836403
2,201104,817,310,0.379436964504284
3,201105,985,369,0.3746192893401015
4,201106,943,417,0.44220572640509015
5,201107,899,379,0.42157953281423804
6,201108,867,391,0.45098039215686275
7,201109,1177,417,0.3542905692438403
8,201110,1285,502,0.3906614785992218
9,201111,1548,616,0.3979328165374677
10,201112,617,402,0.6515397082658023
